t	worker_pid	rss_kb
0	9445	1868
1	9450	1852
2	9454	1868
3	9458	1868
4	9462	1868
5	9466	1868
6	9470	1860
7	9474	1856
8	9478	1868
9	9482	1856
10	9486	1868
11	9490	1868
12	9494	1868
13	9498	1868
14	9502	1864
15	9506	1868
16	9510	1868
17	9514	1868
18	9518	1868
19	9522	1852
20	9526	1868
21	9531	1868
22	9535	1856
23	9539	1860
24	9543	1868
25	9547	1852
26	9551	1868
27	9555	1868
28	9559	1852
29	9562	31976
29	9563	31824
29	9564	31852
29	9565	31796
29	9567	1856
30	9562	33504
30	9563	33472
30	9564	33280
30	9565	33376
30	9571	1868
31	9562	34420
31	9563	34520
31	9564	34376
31	9565	34376
31	9575	1868
32	9562	35136
32	9563	35104
32	9564	35088
32	9565	35156
32	9579	1868
33	9562	35776
33	9563	35748
33	9564	35728
33	9565	35796
33	9583	1868
34	9562	36644
34	9563	36456
34	9564	36500
34	9565	36632
34	9587	1868
35	9562	37412
35	9563	37096
35	9564	37268
35	9565	37400
35	9591	1868
36	9562	38068
36	9563	37880
36	9564	37924
36	9565	38056
36	9595	1868
37	9562	38068
37	9563	38056
37	9564	37924
37	9565	38056
37	9599	1868
38	9562	38068
38	9563	38056
38	9564	37924
38	9565	38056
38	9604	1868
39	9562	38068
39	9563	38056
39	9564	37924
39	9565	38056
39	9609	1864
40	9562	38068
40	9563	38056
40	9564	37924
40	9565	38056
40	9613	1868
41	9562	38068
41	9563	38056
41	9564	37924
41	9565	38056
41	9617	1868
42	9562	38068
42	9563	38056
42	9564	37924
42	9565	38056
42	9622	1868
43	9562	38068
43	9563	38056
43	9564	37924
43	9565	38056
43	9626	1868
44	9562	38068
44	9563	38056
44	9564	38108
44	9565	38056
44	9631	1852
45	9562	38068
45	9563	38184
45	9564	38108
45	9565	38056
45	9635	1868
46	9562	38068
46	9563	38184
46	9564	38108
46	9565	38056
46	9639	1860
47	9562	38068
47	9563	38184
47	9564	38108
47	9565	38056
47	9643	1868
48	9562	38068
48	9563	38184
48	9564	38108
48	9565	38056
48	9647	1184
49	9562	38068
49	9563	38184
49	9564	38108
49	9565	38056
49	9651	1868
50	9562	38068
50	9563	38184
50	9564	38108
50	9565	38056
50	9655	1868
51	9562	38068
51	9563	38184
51	9564	38108
51	9565	38056
51	9659	1864
52	9562	38068
52	9563	38184
52	9564	38108
52	9565	38056
52	9663	1868
53	9562	38068
53	9563	38184
53	9564	38108
53	9565	38056
53	9667	1868
54	9562	38068
54	9563	38184
54	9564	38108
54	9565	38056
54	9671	1868
55	9562	38068
55	9563	38184
55	9564	38108
55	9565	38056
55	9675	1868
56	9562	38068
56	9563	38184
56	9564	38108
56	9565	38056
56	9679	1868
57	9562	38068
57	9563	38184
57	9564	38108
57	9565	38056
57	9683	1868
58	9562	38068
58	9563	38184
58	9564	38108
58	9565	38056
58	9687	1868
59	9562	38068
59	9563	38184
59	9564	38108
59	9565	38056
59	9691	1868
60	9562	38196
60	9563	38184
60	9564	38236
60	9565	38184
60	9695	1868
61	9562	38196
61	9563	38184
61	9564	38236
61	9565	38184
61	9699	1868
62	9562	38196
62	9563	38184
62	9564	38236
62	9565	38184
62	9703	1868
63	9562	38196
63	9563	38184
63	9564	38236
63	9565	38184
63	9707	1852
64	9562	38196
64	9563	38184
64	9564	38236
64	9565	38184
64	9711	1860
65	9562	38196
65	9563	38184
65	9564	38236
65	9565	38184
65	9715	1868
66	9562	38196
66	9563	38184
66	9564	38236
66	9565	38184
66	9719	1860
67	9562	38196
67	9563	38184
67	9564	38236
67	9565	38184
67	9723	1868
68	9562	38196
68	9563	38184
68	9564	38236
68	9565	38184
68	9727	1864
69	9562	38196
69	9563	38184
69	9564	38236
69	9565	38184
69	9731	1868
70	9562	38196
70	9563	38184
70	9564	38236
70	9565	38184
70	9735	1868
71	9562	38196
71	9563	38184
71	9564	38236
71	9565	38184
71	9739	1860
72	9562	38196
72	9563	38184
72	9564	38236
72	9565	38184
72	9743	1856
73	9562	38196
73	9563	38184
73	9564	38236
73	9565	38184
73	9747	1868
74	9562	38196
74	9563	38184
74	9564	38236
74	9565	38184
74	9751	1868
75	9562	38196
75	9563	38184
75	9564	38236
75	9565	38184
75	9755	1868
76	9563	38184
76	9759	1864
77	9763	1868
78	9767	1864
79	9771	1868
80	9776	1868
81	9780	1868
82	9784	1868
83	9788	1868
84	9792	1868
85	9796	1868
86	9800	1856
87	9804	1868
88	9808	1868
89	9812	1868
90	9816	1868
91	9820	1868
92	9824	1868
93	9828	1868
94	9832	1868
95	9836	1868
96	9840	1868
97	9844	1868
98	9848	1868
99	9852	1868
100	9856	1868
101	9860	1852
102	9864	1868
103	9868	1868
104	9872	1868
105	9876	1868
106	9880	1868
107	9884	1868
108	9888	1868
109	9892	1868
110	9896	1856
111	9900	1864
112	9904	1868
113	9908	1868
114	9912	1868
115	9916	1868
116	9920	1856
